{"Rich Manning": "Richard Manning", "Clarence Weatherspoon": "Clar. Weatherspoon", "Danny Schayes": "Dan Schayes", "Isaac Austin": "Ike Austin", "Kiwane Lemorris Garris": "Kiwane Garris", "Charles Jones": "Charles R. Jones", "Mamadou N'Diaye": "Mamadou N'diaye", "Wang Zhizhi": "Wang Zhi-zhi", "Stanislav Medvedenko": "Slava Medvedenko", "Norman Richardson": "Norman Richardson", "Isaac Fontaine": "Ike Fontaine", "Roger Mason": "Roger Mason Jr.", "Ronald Murray": "Flip Murray", "Mike Sweetney": "Michael Sweetney", "D.J. Mbenga": "DJ Mbenga", "J.R. Smith": "JR Smith", "Ibo Kutluay": "Ibrahim Kutluay", "Ha Seung-Jin": "Ha Ha", "C.J. Miles": "CJ Miles", "Boniface N'Dong": "Boniface Ndong", "P.J. Tucker": "PJ Tucker", "J.J. Redick": "JJ Redick", "D.J. Strawberry": "DJ Strawberry", "Sun Yue": "Sun Sun", "D.J. White": "DJ White", "J.J. Hickson": "JJ Hickson", "A.J. Price": "AJ Price", "Eugene Jeter": "Pooh Jeter", "Hamady N'Diaye": "Hamady Ndiaye", "Enes Freedom": "Enes Kanter", "Perry Jones": "Perry Jones III", "Jeff Taylor": "Jeffery Taylor", "Vitor Luiz Faverani": "Vitor Faverani", "D.J. Stephens": "DJ Stephens", "K.J. McDaniels": "KJ McDaniels", "Johnny O'Bryant": "Johnny O'Bryant III", "P.J. Hairston": "PJ Hairston", "T.J. Warren": "TJ Warren", "C.J. Wilcox": "CJ Wilcox", "J.J. O'Brien": "JJ O'Brien", "R.J. Hunter": "RJ Hunter", "Wade Baldwin": "Wade Baldwin IV", "Danuel House Jr.": "Danuel House", "A.J. Hammons": "AJ Hammons", "Frank Mason III": "Frank Mason", "Derrick Walton": "Derrick Walton Jr.", "T.J. Leaf": "TJ Leaf", "Vince Hunter": "Vincent Hunter", "Marcus Morris": "Marcus Morris Sr.", "Matt Williams": "Matt Williams Jr.", "Andrew White": "Andrew White III", "Mitch Creek": "Mitchell Creek", "Melvin Frazier": "Melvin Frazier Jr.", "Kevin Knox": "Kevin Knox II", "Vince Edwards": "Vincent Edwards", "Robert Williams": "Robert Williams III", "B.J. Johnson": "BJ Johnson", "Harry Giles": "Harry Giles III", "Brian Bowen": "Brian Bowen II", "Zach Norvell": "Zach Norvell Jr.", "Michael Frazier": "Michael Frazier II", "Nic Claxton": "Nicolas Claxton", "Xavier Tillman Sr.": "Xavier Tillman"}